n,median_time_sec,std_dev_sec,defect_count
10,0.0005075000003671448,8.636618325093417e-05,1
100,0.004748700000163808,0.000511942275729498,10
500,0.025049399999716115,0.013243810786064404,50
1000,0.04694599999993443,0.01096232806100425,100
2000,0.0942803000002641,0.006701599757236069,200
5000,0.22725050000008196,0.01771204318840005,500
10000,0.4717572999998083,0.042580739687258395,1000
